<?xml version="1.0" encoding="UTF-8"?>
<teamcity-plugin xmlns:xsi="http://www.w3.org/2001/XMLSchema-instance" xsi:noNamespaceSchemaLocation="urn:shemas-jetbrains-com:teamcity-plugin-v1-xml">
  <info>
    <name>SerenaDeploy</name>
    <display-name>Micro Focus Deployment Automation</display-name>
    <version>1.2.4.2</version>
    <description>
        This plugin integrates TeamCity with Micro Focus (Serena) Deployment Automation.
    </description>
    <download-url>http://www.serenacentral.com/assets/plug-ins/sda-plugin/teamcity-plugin-to-publish-to-sda</download-url>
    <email>kevin.lee@microfocus.com</email>
    <vendor>
      <name>Micro Focus</name>
      <url>www.microfocus.com</url>
      <logo>https://www.microfocus.com/assets/images/Home/mf_logo.png</logo>
    </vendor>
  </info>
  <deployment use-separate-classloader="true" />
</teamcity-plugin>
